{
  "Selección Ciudades - /reserve.php-177" : {
    "transaction" : "Selección Ciudades - /reserve.php-177",
    "sampleCount" : 5000,
    "errorCount" : 343,
    "errorPct" : 6.86,
    "meanResTime" : 1640.1278000000013,
    "medianResTime" : 896.5,
    "minResTime" : 62.0,
    "maxResTime" : 10445.0,
    "pct1ResTime" : 4028.9000000000005,
    "pct2ResTime" : 5867.699999999999,
    "pct3ResTime" : 10005.899999999998,
    "throughput" : 67.48640149009974,
    "receivedKBytesPerSec" : 155.79177787863244,
    "sentKBytesPerSec" : 42.90395250981927
  },
  "Escoger Vuelo - /purchase.php-184" : {
    "transaction" : "Escoger Vuelo - /purchase.php-184",
    "sampleCount" : 5000,
    "errorCount" : 9,
    "errorPct" : 0.18,
    "meanResTime" : 1600.465400000002,
    "medianResTime" : 814.0,
    "minResTime" : 62.0,
    "maxResTime" : 10454.0,
    "pct1ResTime" : 4044.0,
    "pct2ResTime" : 5659.849999999992,
    "pct3ResTime" : 9966.869999999997,
    "throughput" : 65.47330653292653,
    "receivedKBytesPerSec" : 163.87591386413632,
    "sentKBytesPerSec" : 45.33259212094229
  },
  "Agregar Datos Personales - /confirmation.php-230" : {
    "transaction" : "Agregar Datos Personales - /confirmation.php-230",
    "sampleCount" : 5000,
    "errorCount" : 18,
    "errorPct" : 0.36,
    "meanResTime" : 1554.531599999996,
    "medianResTime" : 710.5,
    "minResTime" : 67.0,
    "maxResTime" : 10457.0,
    "pct1ResTime" : 3864.300000000004,
    "pct2ResTime" : 5867.749999999999,
    "pct3ResTime" : 10003.96,
    "throughput" : 62.413401405549806,
    "receivedKBytesPerSec" : 144.34500938541524,
    "sentKBytesPerSec" : 51.21882645641672
  },
  "Total" : {
    "transaction" : "Total",
    "sampleCount" : 20000,
    "errorCount" : 381,
    "errorPct" : 1.905,
    "meanResTime" : 1597.8755999999983,
    "medianResTime" : 827.0,
    "minResTime" : 62.0,
    "maxResTime" : 10464.0,
    "pct1ResTime" : 3870.800000000003,
    "pct2ResTime" : 5653.950000000001,
    "pct3ResTime" : 10004.0,
    "throughput" : 238.66633253380112,
    "receivedKBytesPerSec" : 557.9179793314955,
    "sentKBytesPerSec" : 155.3623197323357
  },
  "Home Page - /-157" : {
    "transaction" : "Home Page - /-157",
    "sampleCount" : 5000,
    "errorCount" : 11,
    "errorPct" : 0.22,
    "meanResTime" : 1596.3775999999987,
    "medianResTime" : 869.0,
    "minResTime" : 138.0,
    "maxResTime" : 10464.0,
    "pct1ResTime" : 3651.900000000006,
    "pct2ResTime" : 5471.749999999995,
    "pct3ResTime" : 10091.909999999998,
    "throughput" : 69.25015927536633,
    "receivedKBytesPerSec" : 154.18100271200936,
    "sentKBytesPerSec" : 31.51423263898507
  }
}